FirstName,LastName,AccountName,Email,Phone
David,Woon,Aus Account,dwoon1@abc.au,1802349988
Allyn,Beaves,Katz,abeavesg1@abc.net.au,2802349988
Aldus,Sowerbutts,Lazz,asowerbutts1a1@a8.net,3802349988
Alfy,Atwel,Abatz,aatwel251@histats.com,4802349988
asdfasdf,asdfasdf,asdfasdfasdf,afdsasdf1@asdfasdf.com,5802349988
test,test,test,test1@test.com,6802349988